Workbook

Sheet Instructions
B2: Welcome !
B7: Welcome to the glossary of your Progress Tracker. Take a few minutes to explore the structure and interface of the Excel file. For more detailed information, you can consult the official user guide provided in the Word document. In this personal glossary, the first section is dedicated to navigating the settings of the Progress Tracker template and Well-Being sheet. I've put some advices on when to put some activities and which ones are fit. You can understand the full potential of these sheets by trying them in their dedicated spaces. Moreover, use this file for your personal growth journey and for becoming more aware of the value of time and about taking action in your life. This file provides you with a risk assesment sheet in which you can identify of potential risks before they become concrete, otherwise identifying problems that came into reality and find a way on how to solve them. In this same sheet you can find some Problem Solving tools and tips for a better final result. This file was created for understanding the value of the time and for becoming more aware of it and increasing well-being with productivity. All the Inputs can be personalized for your needs. Check out the tutorial below or the document for more details.
A17: Glossary - Well Being | K17: Glossary - Progress Tracker
A18: Sleep quality | B18: You had continuous, restful sleep without frequent awakenings. Check the box if you slept at least seven hours and did not experience major sleep difficulties. Sleep is the main predictor of energy, focus, and mood. | K18: Custom hours target | L18: Custom activities | S18: When to use it | X18: Examples of included activities
A19: Energy level | B19: You feel physical and mental vitality to approach the day proactively. Check the box when you do not feel drained and you feel motivated to move and perform well during the day. Energy is an immediate indicator of your physiological and mental state | K19: 56 | L19: Rest | M19: 1 | N19: 2 | O19: 3 | P19: 4 | Q19: 5 | S19: Hours of continuous rest dedicated to physiological night sleep. Use this category only if the time slot is actually used for sleeping. | X19: Regular night sleep, power naps, resting in bed due to illness.
A20: Nutrition | B20: You ate in a regular, balanced way without excess. Check the box when you consumed your meals without unnecessary ingredients or meaningless overeating. Also remember to drink enough water. Nutrition is the fuel behind your well-being and energy levels. | K20: 4 | L20: Sport | M20: 1 | N20: 2 | O20: 3 | P20: 4 | Q20: 5 | S20: Any structured physical activity aimed at fitness, health, or performance. | X20: Workouts, running, gym sessions, sports activities with consistent effort or intensity.
A21: Focus and concentration | B21: Your attention is stable and you do not feel scattered. Check the box when you can work without constant distractions and when you complete your daily tasks without excessive mental fatigue or procrastination. This also applies to necessary but less exciting activities. | K21: 20 | L21: Studying | M21: 1 | N21: 2 | O21: 3 | P21: 4 | Q21: 5 | S21: Time dedicated to learning with academic or professional objectives. | X21: University lectures, exam preparation, academic projects, individual or group study sessions.
A22: Emotional calm | B22: You feel calm, stable, and not agitated. Check the box when you do not experience fear, tension, or physical stress caused by recurring thoughts or intrusive worries. ADVICE: Use the APR Method when needed to address these situations. | K22: 30 | L22: Personal Projects | M22: 1 | N22: 2 | O22: 3 | P22: 4 | Q22: 5 | S22: Creative or productive work on initiatives that matter to you outside formal study or work. | X22: Developing personal projects (startups, blogs, side initiatives), personal development activities (reading, podcasts, educational videos), productive personal work.
A23: Intentionality | B23: You know what you want to achieve today and feel oriented. Check the box when you have defined clear objectives for the day and identified your priorities. Intentionality increases motivation and a sense of control. | K23: 15 | L23: Family | M23: 1 | N23: 2 | O23: 3 | P23: 4 | Q23: 5 | S23: Time intentionally dedicated to partners, children, or relatives for relational or organizational purposes. | X23: Family lunches or dinners, family leisure time, meaningful time spent with family members in person, online, or by phone.
A24: Social connection | B24: You perceive support and positive relationships. Check the box when you experience pleasant or meaningful interactions and do not feel isolated. Even when alone, you can still feel connected by valuing your time with others. | K24: 43 | L24: Free time | M24: 1 | N24: 2 | O24: 3 | P24: 4 | Q24: 5 | S24: Activities that are not strictly productive but support recovery and daily well-being. You should include as well non-productive activities that must be done. | X24: Personal care routines (shower, skincare, etc.), household chores, recreational activities, social outings with friends or partners, travel or commuting time, fixing the car.
A25: Optimism about the future | B25: You look ahead with confidence and hope. Check the box if you feel that things can improve and you maintain a positive outlook on your goals and future. Occasional uncertainty is normal but should not lead to persistent pessimism. | K25: 1) The Standard Template of the Progress Tracker is divided into six macro-areas: Sleep, Sport, Study, Personal Projects, Family Time, and Free Time. Each area is associated with a numerical code (1–6) and a weekly target expressed in hours. The specific activities belonging to each category are listed in the table above. To fill in the tracker, simply enter the code of the main activity performed in each hourly time slot from Monday to Sunday. The scores for each category and the overall weekly score are calculated automatically through pre-set formulas. Therefore, you only need to enter the correct activity code in the corresponding cell. Weekly targets and category weights can be freely adjusted in the results table without modifying the formulas. To change a goal, simply replace the value in the specific column. I remind you that also the activities are customizable based on your real needs. At the end of each week, manually transfer the category scores and the total score into the “Weekly Progress” section for tracking your records. To begin a new week, select the filled cells in the table and use the “Clear Contents” command to remove the previous data and start again with the new week.
A26: Motivation and curiosity | B26: You feel enthusiasm or curiosity about what you will do. Check the box when you feel stimulated and motivated by your activities. Positive anticipation is a strong signal of emotional well-being.
A27: Meditation or spiritual practice | B27: You spent time meditating, practicing mindful breathing, or praying. Check the box when you intentionally dedicate a reasonable amount of time to calming your mind and reconnecting with yourself or your spiritual dimension.
A28: Values alignment | B28: Your actions were consistent with what you believe is right and important. Check the box when your decisions align with your values and principles and you did not make compromises that made you feel “off track.” Values alignment strengthens integrity and self-respect.
A29: Presence and gratitude | B29: You paid attention to the present moment and acknowledged what you appreciate. Check the box when you experienced positive moments during the day, expressed gratitude toward yourself or others, and did not live entirely on autopilot. Living is more than simply surviving. | K29: 2) The Well-Being Template is divided into five macro-areas, each containing three measurement inputs. The template is designed to assess the level of our personal “battery,” helping identify patterns where improvement is needed as well as activities or habits that could be introduced to achieve greater balance and well-being. The file is very simple to complete, as it only requires checking a box when the condition is satisfied. Compared to the Progress Tracker, it requires a greater level of introspection and honest reflection about your emotional and physical state. For this reason, it also serves as a valuable tool to develop greater self-awareness. The Well-Being template is supported by visual indicators that show whether the level reached by the satisfied conditions is more or less positive. It also includes a rating system from 1 to 5, similar to the one used in the Progress Tracker. The only elements that the user can modify are the weight assigned to each activity and the days of the week.
A30: Reading | B30: You dedicated time to reading a book of your choice, ideally in an immersive way. Reading stimulates the mind, improves concentration, and supports continuous learning.
A31: Self-reflection | B31: You spent time reflecting on yourself, your goals, or took a concrete step toward improvement. Check the box when you write in a journal, practice introspection, or take practical action toward a goal. Progress happens through small steps.
A32: Skill development | B32: You practiced or learned a new or existing skill. Check the box when you study something technical or practical through exercises, courses, or deliberate practice. Developing skills increases confidence, opportunities, and self-esteem.
B34: Risk Assesment & Problem Solving
B36: Risk Matrix | J36: This sheet is designed to help you identify, assess, and manage risks and problems in a structured and methodical way. The Risk Matrix evaluates each risk based on two dimensions: Probability and Impact, and automatically assigns a severity level: Sustainable, Moderate, Severe, or Critical. This gives you an immediate visual picture of which risks require urgent attention and which can be monitored over time.
B37: Impact | D37: Very Low | E37: Low | F37: Medium | G37: High | H37: Very High
B38: Probability | C38: Very High | D38: Moderate | E38: Severe | F38: Severe | G38: Critical | H38: Critical
C39: High | D39: Sustainable | E39: Moderate | F39: Severe | G39: Critical | H39: Critical
C40: Medium | D40: Sustainable | E40: Moderate | F40: Moderate | G40: Severe | H40: Critical
C41: Low | D41: Sustainable | E41: Sustainable | F41: Moderate | G41: Severe | H41: Critical
C42: Very Low | D42: Sustainable | E42: Sustainable | F42: Sustainable | G42: Moderate | H42: Severe
B44: Problem Matrix | J44: The Problem Solving section allows you to log active issues, describe their root cause, and record the actions taken to resolve them. To support a structured approach to problem solving, the sheet includes a curated set of tools and frameworks, such as categorization matrices and root cause analysis, drawn from leading management methodologies. These are provided as practical starting points to help you move from problem identification to concrete resolution. The scale of assesment is the same used in the risk matrix and the table works in the same way.
B45: Impact | D45: Very Low | E45: Low | F45: Medium | G45: High | H45: Very High
B46: Feasibility | C46: Very High | D46: Moderate | E46: Severe | F46: Severe | G46: Critical | H46: Critical
C47: High | D47: Sustainable | E47: Moderate | F47: Severe | G47: Critical | H47: Critical
C48: Medium | D48: Sustainable | E48: Moderate | F48: Moderate | G48: Severe | H48: Critical
C49: Low | D49: Sustainable | E49: Sustainable | F49: Moderate | G49: Severe | H49: Critical
C50: Very Low | D50: Sustainable | E50: Sustainable | F50: Sustainable | G50: Moderate | H50: Severe
B52: (Name) Sheet - Building your profile
B54: In the two sheets labeled (Name), users can record personal details and use them as a reminder of their goals. This will be your personal space. The first sheet is inspired by the Ikigai framework and invites users to reflect on their sense of purpose by answering four core questions. After that, there is a list where users can write down their life goals as well as potential constraints. These items can be checked off once they are achieved or resolved. You can check your progress by the chart. The second sheet includes a short test designed to measure your level of assertiveness. You will also find practical suggestions on how to design a routine and use the Progress Tracker effectively to refine your lifestyle and gradually find a better personal balance. Possible updates to come in the future! | K54: #VALUE!
B66: #VALUE! | K66: Use this file in the way that best suits your needs. While filling it in, pay close attention to the level of objectivity with which you evaluate your days. Without honesty, the file loses much of its usefulness. Sometimes confronting reality is the only way to understand where our gaps truly lie! At the same time, do not feel discouraged by the numbers. No one is perfect, and difficult periods are part of life. Ultimately, what matters most is feeling well and maintaining balance. This file is structured to support you along that path, but the results will ultimately depend on your actions and consistency. I hope it helps you progress and find the balance that can sustain your well-being. Have a great day. Discover all functions by trying!

Sheet (NAME) - Sheet
A1: Identikit - Your name | I1: Strategic Direction - IKIGAI Inspired
A2: What do you love? | C2: Mission | D2: Passion
A3: What does the world need? | C3: Mission | D3: Vocation
A4: What can you get paid for? | C4: Profession | D4: Vocation
A5: What can you do? | C5: Profession | D5: Passion
A6: Purposes and Life Constraints | F6: Priority | G6: Status | H6: Status % | O6: View some tips!
A7: Insert description, priority, status and its %. Progress bar updates automatically.
H8: 0 | I8: =IFERROR(REPT("█",ROUND(H8*10,0))&REPT("░",10-ROUND(H8*10,0)),REPT("░",10)) -> ░░░░░░░░░░ | O8: Before starting a new skill, task, or development activity, pause briefly to set a clear intention rather than simply aiming to complete a task. Three guiding principles: Prepare: Decide in advance what you want to explore or understand, not only what you want to finish. Execute: Stay present during the activity and focus on the process, the curiosity, and the small insights that emerge along the way. Reflect: At the end of the session, ask yourself: What did I learn? What surprised me? What could I improve next time?
H9: 0 | I9: =IFERROR(REPT("█",ROUND(H9*10,0))&REPT("░",10-ROUND(H9*10,0)),REPT("░",10)) -> ░░░░░░░░░░
H10: 0 | I10: =IFERROR(REPT("█",ROUND(H10*10,0))&REPT("░",10-ROUND(H10*10,0)),REPT("░",10)) -> ░░░░░░░░░░
H11: 0 | I11: =IFERROR(REPT("█",ROUND(H11*10,0))&REPT("░",10-ROUND(H11*10,0)),REPT("░",10)) -> ░░░░░░░░░░ | O11: Key idea: Focus on the learning process, not only on the final result. A learning intention supports growth and engagement rather than simple task completion. Link it to something personally meaningful.
H12: 0 | I12: =IFERROR(REPT("█",ROUND(H12*10,0))&REPT("░",10-ROUND(H12*10,0)),REPT("░",10)) -> ░░░░░░░░░░
H13: 0 | I13: =IFERROR(REPT("█",ROUND(H13*10,0))&REPT("░",10-ROUND(H13*10,0)),REPT("░",10)) -> ░░░░░░░░░░
H14: 0 | I14: =IFERROR(REPT("█",ROUND(H14*10,0))&REPT("░",10-ROUND(H14*10,0)),REPT("░",10)) -> ░░░░░░░░░░
H15: 0 | I15: =IFERROR(REPT("█",ROUND(H15*10,0))&REPT("░",10-ROUND(H15*10,0)),REPT("░",10)) -> ░░░░░░░░░░
H16: 0 | I16: =IFERROR(REPT("█",ROUND(H16*10,0))&REPT("░",10-ROUND(H16*10,0)),REPT("░",10)) -> ░░░░░░░░░░
H17: 0 | I17: =IFERROR(REPT("█",ROUND(H17*10,0))&REPT("░",10-ROUND(H17*10,0)),REPT("░",10)) -> ░░░░░░░░░░
H18: 0 | I18: =IFERROR(REPT("█",ROUND(H18*10,0))&REPT("░",10-ROUND(H18*10,0)),REPT("░",10)) -> ░░░░░░░░░░
H19: 0 | I19: =IFERROR(REPT("█",ROUND(H19*10,0))&REPT("░",10-ROUND(H19*10,0)),REPT("░",10)) -> ░░░░░░░░░░
H20: 0 | I20: =IFERROR(REPT("█",ROUND(H20*10,0))&REPT("░",10-ROUND(H20*10,0)),REPT("░",10)) -> ░░░░░░░░░░
H21: 0 | I21: =IFERROR(REPT("█",ROUND(H21*10,0))&REPT("░",10-ROUND(H21*10,0)),REPT("░",10)) -> ░░░░░░░░░░
H22: 0 | I22: =IFERROR(REPT("█",ROUND(H22*10,0))&REPT("░",10-ROUND(H22*10,0)),REPT("░",10)) -> ░░░░░░░░░░
H23: 0 | I23: =IFERROR(REPT("█",ROUND(H23*10,0))&REPT("░",10-ROUND(H23*10,0)),REPT("░",10)) -> ░░░░░░░░░░
... H25: 0 | I25: =IFERROR(REPT("█",ROUND(H25*10,0))&REPT("░",10-ROUND(H25*10,0)),REPT("░",10)) -> ░░░░░░░░░░

Sheet (NAME) - Sheet (2)
B1: Assessment Scale Degree of Assertiveness | I1: For each statement, enter a number from 1 (Never) to 7 (Always) in the corresponding month column. Your total score and rating calculate automatically. Repeat monthly to track your progress over time.
A2: More Yes | B2: 1 | C2: 2 | D2: 3 | E2: 4 | F2: 5 | G2: 6 | H2: 7 | I2: More No | J2: 2026 | K2: 2026 | L2: 2026 | M2: 2026 | N2: 2026 | O2: 2026 | P2: 2026 | Q2: 2026 | R2: 2026 | S2: 2026 | T2: 2026 | U2: 2026
J3: January | K3: February | L3: March | M3: April | N3: May | O3: June | P3: July | Q3: August | R3: September | S3: October | T3: November | U3: December
B4: It's hard to say what I really think | W4: 60 - 70 | X4: 5 | Y4: Always or almost always
B5: I often do what others want rather than what I want to do | W5: 50 - 59 | X5: 4 | Y5: Often
B6: Criticism makes me feel uncomfortable | W6: 40- 49 | X6: 3 | Y6: Sometimes
B7: Sometimes I act aggressive | W7: 20 - 39 | X7: 2 | Y7: Seldom
B8: I find it really hard to say no to people | W8: 0 - 19 | X8: 1 | Y8: Never or almost never
B9: I often get what I want by demanding it, making others feel guilty, or taking it personally
B10: Pleasing other people helps me feel better about myself
B11: I often say ''I apologize, I'm sorry'' even when it's not my fault
B12: I tend to think that other people are more important than me
B13: I find it really hard to speak in front of a group of people or in a meeting
J14: =SUM(J4:J13) -> 0 | K14: =SUM(K4:K13) -> 0 | L14: =SUM(L4:L13) -> 0 | M14: =SUM(M4:M13) -> 0 | N14: =SUM(N4:N13) -> 0 | O14: =SUM(O4:O13) -> 0 | P14: =SUM(P4:P13) -> 0 | Q14: =SUM(Q4:Q13) -> 0 | ... U14: =SUM(U4:U13) -> 0
I15: Rating | J15: {=_xlfn.IFS(J14<=19,$X$8,J14<=39,$X$7,J14<=49,$X$6,J14<=59,$X$5,J14<=70,$X$4)} -> 1 | K15: {=_xlfn.IFS(K14<=19,$X$8,K14<=39,$X$7,K14<=49,$X$6,K14<=59,$X$5,K14<=70,$X$4)} -> 1 | L15: {=_xlfn.IFS(L14<=19,$X$8,L14<=39,$X$7,L14<=49,$X$6,L14<=59,$X$5,L14<=70,$X$4)} -> 1 | M15: {=_xlfn.IFS(M14<=19,$X$8,M14<=39,$X$7,M14<=49,$X$6,M14<=59,$X$5,M14<=70,$X$4)} -> 1 | N15: {=_xlfn.IFS(N14<=19,$X$8,N14<=39,$X$7,N14<=49,$X$6,N14<=59,$X$5,N14<=70,$X$4)} -> 1 | O15: {=_xlfn.IFS(O14<=19,$X$8,O14<=39,$X$7,O14<=49,$X$6,O14<=59,$X$5,O14<=70,$X$4)} -> 1 | P15: {=_xlfn.IFS(P14<=19,$X$8,P14<=39,$X$7,P14<=49,$X$6,P14<=59,$X$5,P14<=70,$X$4)} -> 1 | Q15: {=_xlfn.IFS(Q14<=19,$X$8,Q14<=39,$X$7,Q14<=49,$X$6,Q14<=59,$X$5,Q14<=70,$X$4)} -> 1 | ... U15: {=_xlfn.IFS(U14<=19,$X$8,U14<=39,$X$7,U14<=49,$X$6,U14<=59,$X$5,U14<=70,$X$4)} -> 1
B17: Assertiveness - What it is and why it matters?
B20: Assertiveness is the ability to express your thoughts, needs and boundaries clearly and respectfully, without being passive (giving in) or aggressive (imposing on others) - It sits at the intersection of self-respect and respect for others: you communicate what you need while remaining open to dialogue. | N20: WHY IT MATTERS • Builds healthier relationships at work and in personal life • Reduces internal stress from unexpressed needs and resentment • Strengthens leadership presence and decision-making • Directly linked to higher well-being and self-confidence FOCUS AREAS TO IMPROVE • Saying no clearly and without guilt • Expressing opinions in group settings • Setting and defending your personal boundaries • Distinguishing your needs from others' expectations

Sheet Risk assesment
B1: Problem Solving | I1: Describe the risk, its causes and consequences. Select Probability and Impact levels from the dropdowns, the Risk Rating populates automatically. Use the "How can I solve it?" column to plan your response.
I3: Risk Matrix
B4: Description | C4: Caused by & Consequences | D4: Probability or Feasibility | E4: Impact | F4: Rating | G4: How i can solve? | I4: Impact | K4: Very Low | L4: Low | M4: Medium | N4: High | O4: Very High
F5: =IFERROR(INDEX(K$5:O$9,MATCH(D5,J$5:J$9,0),MATCH(E5,K$4:O$4,0)),"") | I5: Probability | J5: Very High | K5: Moderate | L5: Severe | M5: Severe | N5: Critical | O5: Critical
F6: =IFERROR(INDEX(K$5:O$9,MATCH(D6,J$5:J$9,0),MATCH(E6,K$4:O$4,0)),"") | J6: High | K6: Sustainable | L6: Moderate | M6: Severe | N6: Critical | O6: Critical
F7: =IFERROR(INDEX(K$5:O$9,MATCH(D7,J$5:J$9,0),MATCH(E7,K$4:O$4,0)),"") | J7: Medium | K7: Sustainable | L7: Moderate | M7: Moderate | N7: Severe | O7: Critical
F8: =IFERROR(INDEX(K$5:O$9,MATCH(D8,J$5:J$9,0),MATCH(E8,K$4:O$4,0)),"") | J8: Low | K8: Sustainable | L8: Sustainable | M8: Moderate | N8: Severe | O8: Critical
F9: =IFERROR(INDEX(K$5:O$9,MATCH(D9,J$5:J$9,0),MATCH(E9,K$4:O$4,0)),"") | J9: Very Low | K9: Sustainable | L9: Sustainable | M9: Sustainable | N9: Moderate | O9: Severe
F10: =IFERROR(INDEX(K$5:O$9,MATCH(D10,J$5:J$9,0),MATCH(E10,K$4:O$4,0)),"")
F11: =IFERROR(INDEX(K$5:O$9,MATCH(D11,J$5:J$9,0),MATCH(E11,K$4:O$4,0)),"") | I11: Problem Matrix
F12: =IFERROR(INDEX(K$5:O$9,MATCH(D12,J$5:J$9,0),MATCH(E12,K$4:O$4,0)),"") | I12: Impact | K12: Very Low | L12: Low | M12: Medium | N12: High | O12: Very High
F13: =IFERROR(INDEX(K$5:O$9,MATCH(D13,J$5:J$9,0),MATCH(E13,K$4:O$4,0)),"") | I13: Feasibility | J13: Very High | K13: Moderate | L13: Severe | M13: Severe | N13: Critical | O13: Critical
F14: =IFERROR(INDEX(K$5:O$9,MATCH(D14,J$5:J$9,0),MATCH(E14,K$4:O$4,0)),"") | J14: High | K14: Sustainable | L14: Moderate | M14: Severe | N14: Critical | O14: Critical
F15: =IFERROR(INDEX(K$5:O$9,MATCH(D15,J$5:J$9,0),MATCH(E15,K$4:O$4,0)),"") | J15: Medium | K15: Sustainable | L15: Moderate | M15: Moderate | N15: Severe | O15: Critical
F16: =IFERROR(INDEX(K$5:O$9,MATCH(D16,J$5:J$9,0),MATCH(E16,K$4:O$4,0)),"") | J16: Low | K16: Sustainable | L16: Sustainable | M16: Moderate | N16: Severe | O16: Critical
F17: =IFERROR(INDEX(K$5:O$9,MATCH(D17,J$5:J$9,0),MATCH(E17,K$4:O$4,0)),"") | J17: Very Low | K17: Sustainable | L17: Sustainable | M17: Sustainable | N17: Moderate | O17: Severe
F18: =IFERROR(INDEX(K$5:O$9,MATCH(D18,J$5:J$9,0),MATCH(E18,K$4:O$4,0)),"")
F19: =IFERROR(INDEX(K$5:O$9,MATCH(D19,J$5:J$9,0),MATCH(E19,K$4:O$4,0)),"") | J19: View some tips!
F20: =IFERROR(INDEX(K$5:O$9,MATCH(D20,J$5:J$9,0),MATCH(E20,K$4:O$4,0)),"") | J20: Do you struggle to find a way to solve your problems or anticipate potential risks? Use the SMART method to help structure, categorize, and address threats more effectively. There are many useful tools for problem solving, but this is the one I personally prefer to use.
F21: =IFERROR(INDEX(K$5:O$9,MATCH(D21,J$5:J$9,0),MATCH(E21,K$4:O$4,0)),"") | I21: S | J21: Specific - Is the question specific enough? Your problem statement needs to be detailed enough for anyone involved to immediately grasp the exact challenge being addressed, without room for misinterpretation.
F22: =IFERROR(INDEX(K$5:O$9,MATCH(D22,J$5:J$9,0),MATCH(E22,K$4:O$4,0)),"") | I22: M | J22: Measurable - A clear, quantifiable outcome will be your benchmark for knowing when the problem has actually been solved. Attach a concrete number or threshold to your statement so progress can be tracked objectively.
F23: =IFERROR(INDEX(K$5:O$9,MATCH(D23,J$5:J$9,0),MATCH(E23,K$4:O$4,0)),"") | I23: A | J23: Actionable - The problem statement should point toward what needs to happen next. Frame it around action, using language like "How do we.." or "What do we need to do to.." so it drives decisions rather than just describing a situation.
F24: =IFERROR(INDEX(K$5:O$9,MATCH(D24,J$5:J$9,0),MATCH(E24,K$4:O$4,0)),"") | I24: R | J24: Relevant - Your statement should resonate with everyone in the room: leadership, your team, and any other stakeholders involved. When the problem is framed in a way that aligns everyone around the same goal, solutions come faster and with less friction.
F25: =IFERROR(INDEX(K$5:O$9,MATCH(D25,J$5:J$9,0),MATCH(E25,K$4:O$4,0)),"") | I25: T | J25: Time Bound - Every problem statement needs a deadline. Defining a clear timeframe keeps solutions grounded in reality and ensures the team focuses on what is actually achievable within the window you have set.
F26: =IFERROR(INDEX(K$5:O$9,MATCH(D26,J$5:J$9,0),MATCH(E26,K$4:O$4,0)),"")
F27: =IFERROR(INDEX(K$5:O$9,MATCH(D27,J$5:J$9,0),MATCH(E27,K$4:O$4,0)),"")

Sheet Progress calculator
C2: Monday | D2: Tuesday | E2: Wednesday | F2: Thursday | G2: Friday | H2: Saturday | I2: Sunday | K2: Today | L2: =TODAY() -> 46097 | M2: 168h | O2: Legend
C3: Log the hours spent on each activity for everyday of the week. Ratings update automatically | K3: Update | L3: 46104 | M3: =L3-L2 -> 7
A4: 0 | O4: Activities and Rating Scale Table
A5: 0.041666667 | O5: Rest | P5: 1 | Q5: 2 | R5: 3 | S5: 4 | T5: 5 | V5: 1 | W5: 0.25 | X5: 1.75
A6: 0.083333333 | O6: Sport | P6: 1 | Q6: 2 | R6: 3 | S6: 4 | T6: 5 | V6: 2 | W6: 0.5 | X6: 1.5
A7: 0.125 | O7: Studying | P7: 1 | Q7: 2 | R7: 3 | S7: 4 | T7: 5 | V7: 3 | W7: 0.75 | X7: 1.3
A8: 0.16666667 | O8: Personal Projects | P8: 1 | Q8: 2 | R8: 3 | S8: 4 | T8: 5 | V8: 4 | W8: 0.9 | X8: 1.1
A9: 0.20833333 | O9: Family | P9: 1 | Q9: 2 | R9: 3 | S9: 4 | T9: 5 | V9: 5 | W9: 1 | X9: 1
A10: 0.25 | O10: Free time | P10: 1 | Q10: 2 | R10: 3 | S10: 4 | T10: 5 | V10: 1 | W10: x <= 0,24 | X10: x >= 1,75
A11: 0.29166667 | V11: 2 | W11: <= 0,49 | X11: x >= 1,5
A12: 0.33333333 | V12: 3 | W12: <= 0,74 | X12: x >= 1,30
A13: 0.375 | M13: Activity | N13: Weight | O13: Hours spent | P13: Target | Q13: Points | R13: Points range | S13: Rating (1-5) | V13: 4 | W13: <= 0,9 | X13: x >=1,10
A14: 0.41666667 | L14: 1 | M14: Rest | N14: 30 | O14: =COUNTIF($C$4:$I$27,1) -> 0 | P14: 56 | Q14: =(O14/P14)*'Progress calculator'!$N14 -> 0 | R14: =MINA(5,'Progress calculator'!$O14/'Progress calculator'!$P14) -> 0 | S14: {=_xlfn.IFS(R14<$W$5,$V$5,R14>$X$5,$V$5,R14<$W$6,$V$6,R14>$X$6,$V$6,R14<$W$7,$V$7,R14>$X$7,$V$7,R14<$W$8,$V$8,R14>$X$8,$V$8,R14<=$W$9,$V$9,R14>=$X$9,$V$9)} -> 1 | V14: 5 | W14: x = 1 | X14: [0,90…1,10]
A15: 0.45833333 | L15: 2 | M15: Sport | N15: 10 | O15: =COUNTIF($C$4:$I$27,2) -> 0 | P15: 5 | Q15: =(O15/P15)*'Progress calculator'!$N15 -> 0 | R15: =MINA(5,'Progress calculator'!$O15/'Progress calculator'!$P15) -> 0 | S15: {=_xlfn.IFS(R15<$W$5,$V$5,R15>$X$5,$V$5,R15<$W$6,$V$6,R15>$X$6,$V$6,R15<$W$7,$V$7,R15>$X$7,$V$7,R15<$W$8,$V$8,R15>$X$8,$V$8,R15<=$W$9,$V$9,R15>=$X$9,$V$9)} -> 1
A16: 0.5 | L16: 3 | M16: Studying | N16: 17 | O16: =COUNTIF($C$4:$I$27,3) -> 0 | P16: 22 | Q16: =(O16/P16)*'Progress calculator'!$N16 -> 0 | R16: =MINA(5,'Progress calculator'!$O16/'Progress calculator'!$P16) -> 0 | S16: {=_xlfn.IFS(R16<$W$5,$V$5,R16>$X$5,$V$5,R16<$W$6,$V$6,R16>$X$6,$V$6,R16<$W$7,$V$7,R16>$X$7,$V$7,R16<$W$8,$V$8,R16>$X$8,$V$8,R16<=$W$9,$V$9,R16>=$X$9,$V$9)} -> 1
A17: 0.54166667 | L17: 4 | M17: Personal Projects | N17: 18 | O17: =COUNTIF($C$4:$I$27,4) -> 0 | P17: 30 | Q17: =(O17/P17)*'Progress calculator'!$N17 -> 0 | R17: =MINA(5,'Progress calculator'!$O17/'Progress calculator'!$P17) -> 0 | S17: {=_xlfn.IFS(R17<$W$5,$V$5,R17>$X$5,$V$5,R17<$W$6,$V$6,R17>$X$6,$V$6,R17<$W$7,$V$7,R17>$X$7,$V$7,R17<$W$8,$V$8,R17>$X$8,$V$8,R17<=$W$9,$V$9,R17>=$X$9,$V$9)} -> 1
A18: 0.58333333 | L18: 5 | M18: Family | N18: 10 | O18: =COUNTIF($C$4:$I$27,5) -> 0 | P18: 15 | Q18: =(O18/P18)*'Progress calculator'!$N18 -> 0 | R18: =MINA(5,'Progress calculator'!$O18/'Progress calculator'!$P18) -> 0 | S18: {=_xlfn.IFS(R18<$W$5,$V$5,R18>$X$5,$V$5,R18<$W$6,$V$6,R18>$X$6,$V$6,R18<$W$7,$V$7,R18>$X$7,$V$7,R18<$W$8,$V$8,R18>$X$8,$V$8,R18<=$W$9,$V$9,R18>=$X$9,$V$9)} -> 1
A19: 0.625 | L19: 6 | M19: Freetime | N19: 15 | O19: =COUNTIF($C$4:$I$27,6) -> 0 | P19: 40 | Q19: =(O19/P19)*'Progress calculator'!$N19 -> 0 | R19: =MINA(5,'Progress calculator'!$O19/'Progress calculator'!$P19) -> 0 | S19: {=_xlfn.IFS(R19<$W$5,$V$5,R19>$X$5,$V$5,R19<$W$6,$V$6,R19>$X$6,$V$6,R19<$W$7,$V$7,R19>$X$7,$V$7,R19<$W$8,$V$8,R19>$X$8,$V$8,R19<=$W$9,$V$9,R19>=$X$9,$V$9)} -> 1
A20: 0.66666667 | N20: =SUM(N14:N19) -> 100 | Q20: =SUM('Progress calculator'!$Q$14:$Q$19) -> 0 | S20: =(S14*N14+S15*N15+S16*N16+S17*N17+S18*N18+S19*N19)/N20 -> 1
A21: 0.70833333
A22: 0.75 | L22: View some tips!
A23: 0.79166667 | L23: Are you stuck in a bad or non satisfactory routine? Don't worry and read this: Repeating a behavior consistently, usually over 4 to 8 weeks, is what turns it into a habit. But time alone isn't enough. You need to design the path. 🔔 Cue: What will trigger this habit? Set a specific reminder: a calendar alert, a physical object on your desk, or a fixed time in your week. ⚙️ Routine: What exactly will you do? Define the steps clearly. Keep it simple enough that starting feels effortless. 🏆 Reward: What will make it feel good? It can be the progress itself, a small treat, or simply marking it done. The reward reinforces the process. The behaviors you track weekly in this sheet are your routines in progress. Define your cue and reward for each one and watch them stick. Feel free to customize your activities and hour targets in the Progress Tracker and turn your ideas into action.
A24: 0.83333333
A25: 0.875
A26: 0.91666667
A27: 0.95833333

Sheet Well-Being 
A1: Well-Being Analysis
C2: Your scores calculate automatically from your Weekly Progress inputs. No manual entry needed here, just read and reflect on your battery level across each dimension.
C3: Battery Level | D3: Physical Well-Being | E3: Mental Well-Being | F3: Social Well-Being | G3: Spiritual Balance | H3: Personal Growth | O3: Legend | Q3: 1 | R3: 2 | S3: 3 | T3: 4 | U3: 5
C4: Summary | D4: {=_xlfn.IFS(D6<=4,1,D6<=8,2,D6<=12,3,D6<=17,4,D6<=21,5)} -> 1 | E4: {=_xlfn.IFS(E6<=4,1,E6<=8,2,E6<=12,3,E6<=17,4,E6<=21,5)} -> 1 | F4: {=_xlfn.IFS(F6<=4,1,F6<=8,2,F6<=12,3,F6<=17,4,F6<=21,5)} -> 1 | G4: {=_xlfn.IFS(G6<=4,1,G6<=8,2,G6<=12,3,G6<=17,4,G6<=21,5)} -> 1 | H4: {=_xlfn.IFS(H6<=4,1,H6<=8,2,H6<=12,3,H6<=17,4,H6<=21,5)} -> 1 | I4: 0 - 21 | J4: 1 | O4: ⚡ | Q4: 0 | R4: 5 | S4: 9 | T4: 13 | U4: 18
C5: Weight | D5: 20 | E5: 20 | F5: 20 | G5: 20 | H5: 20 | I5: 22 - 42 | J5: 2 | O5: 🧠 | Q5: 0 | R5: 5 | S5: 9 | T5: 13 | U5: 18
C6: Points | D6: =SUM(B19:D19) -> 0 | E6: =SUM(E19:G19) -> 0 | F6: =SUM(H19:J19) -> 0 | G6: =SUM(K19:M19) -> 0 | H6: =SUM(N19:P19) -> 0 | I6: 43 - 63 | J6: 3 | O6: 🌿 | Q6: 0 | R6: 5 | S6: 9 | T6: 13 | U6: 18
C7: Range | I7: 64 - 84 | J7: 4 | O7: ✨ | Q7: 0 | R7: 5 | S7: 9 | T7: 13 | U7: 18
C8: Rating 1 - 5 | D8: =SUM(D6:H6) -> 0 | E8: =AVERAGE(D4:H4) -> 1 | F8: Well - Being | I8: 85 - 105 | J8: 5 | O8: 📚 | Q8: 0 | R8: 5 | S8: 9 | T8: 13 | U8: 18
B10: ⚡ PHYSICAL | E10: 🧠 MENTAL | H10: 🌿 SOCIAL | K10: ✨ SPIRITUAL | N10: 📚 GROWTH
A11: In questa giornata… | B11: Sleep quality | C11: Energy level | D11: Nutrition | E11: Focus and concentration | F11: Emotional calm | G11: Intentionality | H11: Social connection | I11: Optimism about the future | J11: Motivation and curiosity | K11: Meditation or spiritual practice | L11: Values alignment | M11: Presence and gratitude | N11: Reading | O11: Self-reflection | P11: Skill development | Q11: Battery Level
A12: 46097 | B12: FALSE | C12: FALSE | D12: FALSE | E12: FALSE | F12: FALSE | G12: FALSE | H12: FALSE | I12: FALSE | J12: FALSE | K12: FALSE | L12: FALSE | M12: FALSE | N12: FALSE | O12: FALSE | P12: FALSE | Q12: =COUNTIF(B12:P12,TRUE) -> 0 | S12: View some tips! | U12: A Simple Mindset Reset Tool
A13: 46098 | B13: FALSE | C13: FALSE | D13: FALSE | E13: FALSE | F13: FALSE | G13: FALSE | H13: FALSE | I13: FALSE | J13: FALSE | K13: FALSE | L13: FALSE | M13: FALSE | N13: FALSE | O13: FALSE | P13: FALSE | Q13: =COUNTIF(B13:P13,TRUE) -> 0 | U13: When you notice you're stuck, reactive, or operating on autopilot, use the this method to shift your mindset intentionally. Be Aware → Step back and look inward. Identify the emotion or the thought pattern you are experiencing. Ask yourself: "What is actually happening right now? What internal narrative is driving my reaction?" Pause → Interrupt the moment. Take a few slow breaths, step back for a moment, or briefly meditate. Create space between the stimulus and your response. Reframe → Change the way you look at a challenge to find a constructive path forward. Ask yourself: ''What opportunities would open up if I shifted my perspective here?'' It can be used in the moment when you feel overwhelmed, but also as a reflection tool, especially when your well-being score is low.
A14: 46099 | B14: FALSE | C14: FALSE | D14: FALSE | E14: FALSE | F14: FALSE | G14: FALSE | H14: FALSE | I14: FALSE | J14: FALSE | K14: FALSE | L14: FALSE | M14: FALSE | N14: FALSE | O14: FALSE | P14: FALSE | Q14: =COUNTIF(B14:P14,TRUE) -> 0
A15: 46100 | B15: FALSE | C15: FALSE | D15: FALSE | E15: FALSE | F15: FALSE | G15: FALSE | H15: FALSE | I15: FALSE | J15: FALSE | K15: FALSE | L15: FALSE | M15: FALSE | N15: FALSE | O15: FALSE | P15: FALSE | Q15: =COUNTIF(B15:P15,TRUE) -> 0
A16: 46101 | B16: FALSE | C16: FALSE | D16: FALSE | E16: FALSE | F16: FALSE | G16: FALSE | H16: FALSE | I16: FALSE | J16: FALSE | K16: FALSE | L16: FALSE | M16: FALSE | N16: FALSE | O16: FALSE | P16: FALSE | Q16: =COUNTIF(B16:P16,TRUE) -> 0
A17: 46102 | B17: FALSE | C17: FALSE | D17: FALSE | E17: FALSE | F17: FALSE | G17: FALSE | H17: FALSE | I17: FALSE | J17: FALSE | K17: FALSE | L17: FALSE | M17: FALSE | N17: FALSE | O17: FALSE | P17: FALSE | Q17: =COUNTIF(B17:P17,TRUE) -> 0
A18: 46103 | B18: FALSE | C18: FALSE | D18: FALSE | E18: FALSE | F18: FALSE | G18: FALSE | H18: FALSE | I18: FALSE | J18: FALSE | K18: FALSE | L18: FALSE | M18: FALSE | N18: FALSE | O18: FALSE | P18: FALSE | Q18: =COUNTIF(B18:P18,TRUE) -> 0
A19: Totale | B19: =COUNTIF(B12:B18,TRUE) -> 0 | C19: =COUNTIF(C12:C18,TRUE) -> 0 | D19: =COUNTIF(D12:D18,TRUE) -> 0 | E19: =COUNTIF(E12:E18,TRUE) -> 0 | F19: =COUNTIF(F12:F18,TRUE) -> 0 | G19: =COUNTIF(G12:G18,TRUE) -> 0 | H19: =COUNTIF(H12:H18,TRUE) -> 0 | I19: =COUNTIF(I12:I18,TRUE) -> 0 | ... P19: =COUNTIF(P12:P18,TRUE) -> 0 | Q19: =AVERAGEA(B19:P19) -> 0
A20: Range Level | B20: =COUNTIF(B12:B18,TRUE) -> 0 | C20: =COUNTIF(C12:C18,TRUE) -> 0 | D20: =COUNTIF(D12:D18,TRUE) -> 0 | E20: =COUNTIF(E12:E18,TRUE) -> 0 | F20: =COUNTIF(F12:F18,TRUE) -> 0 | G20: =COUNTIF(G12:G18,TRUE) -> 0 | H20: =COUNTIF(H12:H18,TRUE) -> 0 | I20: =COUNTIF(I12:I18,TRUE) -> 0 | ... P20: =COUNTIF(P12:P18,TRUE) -> 0 | Q20: =AVERAGEA(B20:P20) -> 0
C21: =SUM(B19:D19) -> 0 | F21: =SUM(E19:G19) -> 0 | I21: =SUM(H19:J19) -> 0 | L21: =SUM(K19:M19) -> 0 | O21: =SUM(N19:P19) -> 0

Sheet Weekly Progress
D1: Progress tracker | E1: Well-Being | H1: Rest | I1: Sport | J1: Studying | K1: Personal Projects | L1: Family | M1: Free Time | N1: Waste | Q1: Physical | R1: Mental | S1: Social | T1: Spiritual Balance | U1: Personal Growth | W1: Sleep quality | X1: Energy level | Y1: Nutrition | Z1: Focus and concentration | AA1: Emotional calm | AB1: Intentionality | AC1: Social connection | AD1: Optimism about the future | AE1: Motivation and curiosity | AF1: Meditation or spiritual practice | AG1: Values alignment | AH1: Presence and gratitude | AI1: Reading | AJ1: Self-reflection | AK1: Skill development
A2: Weeks | C2: 1 | G2: 1 | P2: 1 | V2: 1
C3: 2 | G3: 2 | P3: 2 | V3: 2
C4: 3 | G4: 3 | P4: 3 | V4: 3
C5: 4 | G5: 4 | P5: 4 | V5: 4
C6: 5 | G6: 5 | P6: 5 | V6: 5
C7: 6 | G7: 6 | P7: 6 | V7: 6
C8: 7 | G8: 7 | P8: 7 | V8: 7
C9: 8 | G9: 8 | P9: 8 | V9: 8
C10: 9 | G10: 9 | P10: 9 | V10: 9
C11: 10 | G11: 10 | P11: 10 | V11: 10
C12: 11 | G12: 11 | P12: 11 | V12: 11
C13: 12 | G13: 12 | P13: 12 | V13: 12
C14: 13 | G14: 13 | P14: 13 | V14: 13
... C53: 52 | G53: 52 | P53: 52 | V53: 52

Sheet Statistics
